AcquirerName,TargetName,TransactionAnnouncementDate,PercentageOfSharesAcquired,AcquirerRegion,TargetRegion,PricePerShare,CurrencyCodeOfTransaction,DealPurpose,FormOfTransactionName,TransactionStatus,InitialPricePerShare,PremiumAsOn1DayPriorToAnnouncementDate,PremiumAsOn1WeekPriorToAnnouncementDate,PremiumAsOn4WeeksPriorToAnnouncementDate,AcquirerPublicStatus,TargetPublicStatus,AcquirerMidIndustry,TargetMidIndustry,AnalystEstimatedValue,RatioOfTransactionValueToNetIncome,RatioOfTransactionValueToCashFlow,RatioOfTransactionValueToSales,RatioOfRankvalueToNetIncome,RatioOfRankvalueToCashFlow,RatioOfRankvalueToSales,TransactionValueIncludingNetDebtOfTarget,TransactionEffectiveDate,Ticker,RetroactiveDCFValuation
['Hong Kong Exchanges and Clearing Ltd'],['London Stock Exchange Group PLC'],2019-09-11,0,Asia Pacific Excluding Central Asia,Europe,103.287,STG,"['Expand presence in new/foreign markets', 'Create synergies, eliminate duplicate services/operations', 'Strengthen existing operations/expand presence in primary market', 'Increase shareholder value', 'General strategy to take advantage of sound investment opportunities', 'Allow to offer new products and services']",Merger,Withdrawn,103.287,1970-01-01 00:00:00.000000022,1970-01-01 00:00:00.000000017,1970-01-01 00:00:00.000000024,Public,Public,Brokerage,Brokerage,nan,110.412,51.97,25.666,110.412,51.97,25.666,37259.153,2019-09-11,LSEG.L,10522453570.608065
['Xerox Holdings Corp'],['HP Inc'],2019-11-06,0,Americas,Americas,23.938,US,"['Strengthen existing operations/expand presence in secondary market', 'Create synergies, eliminate duplicate services/operations', 'Strengthen existing operations/expand presence in primary market']",Merger,Withdrawn,22.335,1970-01-01 00:00:00.000000032,1970-01-01 00:00:00.000000036,1970-01-01 00:00:00.000000046,Public,Public,Computers & Peripherals,Computers & Peripherals,33000.0,11.742,6.804,0.594,11.961,6.93,0.606,35524.904,2019-11-06,HPQ,53177947855.027275
['Aon PLC'],['Willis Towers Watson PLC'],2020-03-09,0,Europe,Europe,234.155,STG,"['Concentrate on core businesses/assets', 'Create synergies, eliminate duplicate services/operations', 'Strengthen existing operations/expand presence in primary market', 'Increase shareholder value', 'General strategy to take advantage of sound investment opportunities', 'Allow to offer new products and services']",Merger,Withdrawn,234.155,1970-01-01 00:00:00.000000017,1970-01-01 00:00:00.000000014,1970-01-01 00:00:00.000000007,Public,Public,INSURANCE,INSURANCE,nan,29.339,14.79,3.389,29.339,14.79,3.389,30140.582,2020-03-09,WTW.O,18538970698.72276
['Unilever NV'],['Unilever PLC'],2018-03-15,0,Europe,Europe,53.695,STG,"['Strengthen existing operations/expand presence in primary market', 'General restructuring of business/operations', 'Increase shareholder value', 'General strategy to take advantage of sound investment opportunities']",Merger,Withdrawn,53.695,1970-01-01 00:00:00.000000000,1970-01-01 00:00:00.000000000,1970-01-01 00:00:00.000000001,Public,Public,Food and Beverage,Food and Beverage,nan,8.013,4.879,0.881,11.094,6.755,1.22,91563.677,2018-03-15,ULVR.L,103996629390.68987
['Barrick Gold Corp'],['Newmont Corporation'],2019-02-22,0,Americas,Americas,44.014,US,"['Create synergies, eliminate duplicate services/operations', 'Strengthen operations', 'Increase shareholder value']",Merger,Withdrawn,35.41,1970-01-01 00:00:00.000000024,1970-01-01 00:00:00.000000032,1970-01-01 00:00:00.000000032,Public,Public,Metals & Mining,Metals & Mining,19000.0,86.512,9.793,3.232,89.523,10.134,3.345,24260.818,2019-02-22,NEM,21815840075.50403
['Zoom Video Communications Inc'],['Five9 Inc'],2021-07-18,0,Americas,Americas,200.278,US,['Strengthen operations'],Merger,Withdrawn,200.278,1970-01-01 00:00:00.000000012,1970-01-01 00:00:00.000000005,1970-01-01 00:00:00.000000009,Public,Public,Internet Software & Services,Software,nan,-302.449,1097.74,27.54,-306.815,1113.589,27.937,14574.655,2021-07-18,FIVN.O,739853996.9947406
['Stellantis NV'],['Renault SA'],2019-05-27,0,Europe,Europe,68.375,EUR,"['Expand presence in new/foreign markets', 'Create synergies, eliminate duplicate services/operations', 'Strengthen operations', 'Allow to offer new products and services']",Merger,Withdrawn,68.375,nan,nan,nan,Public,Public,Automobiles & Auto Parts,AUTOMOTIVE,nan,5.346,2.575,0.307,3.88,1.868,0.223,14352.023,2019-05-27,RNO.L,183865576.74277088
['Quebec BV'],['Qiagen NV'],2020-03-03,0,Europe,Europe,49.063,EUR,"['Expand presence in new/foreign markets', 'Sale to comply with regulatory requirements', 'Create synergies, eliminate duplicate services/operations', 'Strengthen operations', 'Allow to offer new products and services']",Merger,Withdrawn,44.499,1970-01-01 00:00:00.000000046,1970-01-01 00:00:00.000000053,1970-01-01 00:00:00.000000072,Subsidiary,Public,Other Financials,Biotechnology,nan,843.908,19.973,7.646,813.26,19.247,7.369,12151.235,2020-03-03,QGEN.N,6084047382.692437
['China Three Gorges Europe SA'],['Edp SA'],2018-05-11,0,Europe,Europe,3.884,EUR,"['Strengthen existing operations/expand presence in secondary market', 'Proceeds used to pay down existing outstanding debt']",Merger,Withdrawn,3.884,1970-01-01 00:00:00.000000005,1970-01-01 00:00:00.000000006,1970-01-01 00:00:00.000000002,Subsidiary,Public,Other Financials,Power,nan,10.029,4.497,0.953,20.36,9.129,1.936,25349.65,2018-05-11,EDP.F,29197203821.765087
['Broadcom Ltd'],['Qualcomm Inc'],2017-11-06,0,Americas,Americas,79.0,US,"['Create synergies, eliminate duplicate services/operations', 'Strengthen operations', 'Other', 'Allow to offer new products and services']",Merger,Withdrawn,70.0,1970-01-01 00:00:00.000000044,1970-01-01 00:00:00.000000044,1970-01-01 00:00:00.000000050,Public,Public,Semiconductors & Semiconductor Equipment,Semiconductors,103200.0,57.777,34.95,6.389,52.448,31.726,5.8,142419.455,2017-11-06,QCOM.O,88996629528.7294
['Investor Group'],['APA Group'],2018-06-13,0,Asia Pacific Excluding Central Asia,Asia Pacific Excluding Central Asia,8.328,AU,['Strengthen operations'],Merger,Withdrawn,8.328,1970-01-01 00:00:00.000000033,1970-01-01 00:00:00.000000028,1970-01-01 00:00:00.000000036,Private,Public,Other Financials,Oil & Gas,nan,58.733,8.948,5.61,101.18,15.415,9.665,16927.972,2018-06-13,APA.O,23543011197.46934
['Investor Group'],['METRO AG'],2019-06-21,0,Europe,Europe,18.066,EUR,"['Strengthen existing operations/expand presence in secondary market', 'Increase shareholder value', 'Allow to offer new products and services']",Merger,Withdrawn,18.066,1970-01-01 00:00:00.000000011,1970-01-01 00:00:00.000000016,1970-01-01 00:00:00.000000021,Private,Public,Other Financials,FOOD/BEVERAGES,nan,18.474,0.0,0.212,31.579,-215.559,0.362,9065.909,2019-06-21,B4B.F,13238303084.116207
['Investor Group'],['Tegna Inc'],2020-03-17,0,Americas,Americas,20.0,US,"['Create synergies, eliminate duplicate services/operations', 'Strengthen operations', 'Increase shareholder value']",Merger,Withdrawn,20.0,nan,1970-01-01 00:00:00.000000011,1970-01-01 00:00:00.000000018,Private,Public,Other Financials,Broadcasting,4400.0,9.024,4.251,1.483,16.299,7.679,2.678,7868.561,2020-03-17,TGNA.Z,5706047274.093298
['Investor Group'],['Intu Properties PLC'],2018-10-04,0,Europe,Europe,2.739,STG,"['Strengthen existing operations/expand presence in primary market', 'General strategy to take advantage of sound investment opportunities', 'Allow to offer new products and services']",Merger,Withdrawn,2.739,1970-01-01 00:00:00.000000037,1970-01-01 00:00:00.000000035,1970-01-01 00:00:00.000000039,Private,Public,Other Financials,REITs,nan,-6.743,7.556,4.829,-17.934,20.096,12.843,8758.848,2018-10-04,INTU.O,19616689591.83454
['Woodward Inc'],['Hexcel Corp'],2020-01-12,0,Americas,Americas,76.225,US,"['Create synergies, eliminate duplicate services/operations', 'Acquire competitors technology/strategic assets', 'Strengthen operations', 'Increase shareholder value']",Merger,Withdrawn,76.225,1970-01-01 00:00:00.000000004,1970-01-01 00:00:00.000000000,1969-12-31 23:59:59.999999999,Public,Public,Other Industrials,AEROSPACE/DEFENSE,nan,21.357,11.566,2.783,24.601,13.322,3.206,7552.451,2020-01-12,HXL,3239953350.180998
['GIP IV Hancock Bidco LP'],['Signature Aviation Ltd'],2021-01-11,0,Americas,Europe,5.5,STG,"['Expand presence in new/foreign markets', 'Create synergies, eliminate duplicate services/operations', 'Strengthen operations']",Merger,Withdrawn,5.5,1970-01-01 00:00:00.000000051,1970-01-01 00:00:00.000000059,1970-01-01 00:00:00.000000067,Subsidiary,Public,Other Financials,Transportation & Infrastructure,nan,-131.448,9.681,2.38,-216.757,15.964,3.925,7526.067,2021-01-11,SIG,4222331329.827196
['Avangrid Inc'],['TXNM Energy Inc'],2020-10-21,0,Americas,Americas,50.3,US,"['Create synergies, eliminate duplicate services/operations', 'Strengthen existing operations/expand presence in primary market']",Merger,Withdrawn,50.3,1970-01-01 00:00:00.000000009,1970-01-01 00:00:00.000000010,1970-01-01 00:00:00.000000023,Public,Public,Power,Power,nan,18.974,6.299,2.663,35.385,11.748,4.965,7487.742,2020-10-21,TXNM.N,4425791449.354551
['Alimentation Couche-Tard Inc'],['Ampol Ltd'],2019-11-26,0,Americas,Asia Pacific Excluding Central Asia,23.748,AU,"['Increase shareholder value', 'General strategy to take advantage of sound investment opportunities']",Merger,Withdrawn,23.243,1970-01-01 00:00:00.000000018,1970-01-01 00:00:00.000000024,1970-01-01 00:00:00.000000026,Public,Public,Food Processing,Petrochemicals,nan,22.933,9.016,0.395,27.481,10.805,0.473,7106.106,2019-11-26,ALD.AX,6419145865.284908
['Patrick Drahi'],['Eutelsat Communications SA'],2021-09-29,0,Europe,Europe,14.03,EUR,"['Strengthen operations', 'General strategy to take advantage of sound investment opportunities']",Merger,Withdrawn,14.03,1970-01-01 00:00:00.000000018,1970-01-01 00:00:00.000000021,1970-01-01 00:00:00.000000023,Investor,Public,Other Financials,Space and Satellites,nan,12.23,3.263,2.261,23.857,6.365,4.41,6309.644,2021-09-29,ETL.L,7395490608.564987
['AustralianSuper Pty Ltd'],['Infratil Ltd'],2020-12-08,0,Asia Pacific Excluding Central Asia,Asia Pacific Excluding Central Asia,5.232,NZ,['General strategy to take advantage of sound investment opportunities'],Merger,Withdrawn,5.232,1970-01-01 00:00:00.000000025,1970-01-01 00:00:00.000000026,1970-01-01 00:00:00.000000037,Private,Public,Asset Management,Power,nan,11.053,41.802,4.637,17.36,65.657,7.284,5941.291,2020-12-08,IFT.AX,3533543132.299705
['Dupont De Nemours Inc'],['Rogers Corp'],2021-11-02,0,Americas,Americas,277.0,US,"['Create synergies, eliminate duplicate services/operations', 'Strengthen existing operations/expand presence in primary market', 'Increase shareholder value']",Merger,Withdrawn,277.0,1970-01-01 00:00:00.000000037,1970-01-01 00:00:00.000000042,1970-01-01 00:00:00.000000049,Public,Public,Chemicals,Chemicals,5000.0,51.773,27.766,5.682,49.572,26.586,5.44,4967.447,2021-11-02,ROG,2019922952.667167
['Globalwafers Co Ltd'],['Siltronic AG'],2020-11-29,0,Asia Pacific Excluding Central Asia,Europe,176.422,EUR,"['Expand presence in new/foreign markets', 'Create synergies, eliminate duplicate services/operations', 'Strengthen operations', 'Increase shareholder value']",Merger,Withdrawn,152.088,1970-01-01 00:00:00.000000027,1970-01-01 00:00:00.000000048,1970-01-01 00:00:00.000000078,Public,Public,Semiconductors,Semiconductors & Semiconductor Equipment,nan,23.287,12.87,3.604,21.128,11.677,3.27,4801.95,2020-11-29,WAF.AX,433334635.61232144
['Ares Management Corp'],['AMP Ltd'],2020-10-30,0,Americas,Asia Pacific Excluding Central Asia,1.3,AU,['Strengthen operations'],Merger,Withdrawn,1.3,1970-01-01 00:00:00.000000020,1970-01-01 00:00:00.000000024,1970-01-01 00:00:00.000000029,Public,Public,Asset Management,Asset Management,3513.0,-92.084,9.656,0.653,-92.084,9.656,0.653,4464.162,2020-10-30,AMP,24704526330.168697
['Waters Corp'],['Waters Corp'],2019-01-21,0,Americas,Americas,206.94,US,['Other'],Buyback,Withdrawn,206.94,1970-01-01 00:00:00.000000000,1970-01-01 00:00:00.000000005,1970-01-01 00:00:00.000000019,Public,Public,Healthcare Equipment & Supplies,Healthcare Equipment & Supplies,nan,0.0,0.0,0.0,nan,nan,nan,4000.0,2019-01-21,WAT,8775486132.218983
['Luz C-BC Bidco GmbH'],['Osram Licht AG'],2019-02-13,0,Europe,Europe,39.491,EUR,"['Expand presence in new/foreign markets', 'Strengthen operations', 'Increase shareholder value', 'Allow to offer new products and services']",Merger,Withdrawn,39.491,1970-01-01 00:00:00.000000004,1970-01-01 00:00:00.000000009,1970-01-01 00:00:00.000000000,Subsidiary,Public,Other Financials,Other Industrials,nan,-23.699,25.447,1.222,-26.714,28.685,1.378,3948.587,2019-02-13,OSR.MI,2853636363.636363
['Anaxi Group Holdings Ltd'],['Playtech PLC'],2021-10-17,0,Europe,Europe,9.349,STG,"['Create synergies, eliminate duplicate services/operations', 'Strengthen operations', 'Increase shareholder value', 'Allow to offer new products and services']",Merger,Withdrawn,9.349,1970-01-01 00:00:00.000000058,1970-01-01 00:00:00.000000055,1970-01-01 00:00:00.000000055,Subsidiary,Public,Other Financials,Casinos & Gaming,nan,-8.352,9.751,2.302,-10.431,12.179,2.875,3577.435,2021-10-17,PTEC.L,2591456476.333583
['RE Strategic Investments Pte Ltd'],['Spring Real Estate Investment Trust'],2018-09-26,0,Asia Pacific Excluding Central Asia,Asia Pacific Excluding Central Asia,0.676,HK,['Strengthen operations'],Merger,Withdrawn,0.619,1970-01-01 00:00:00.000000076,1970-01-01 00:00:00.000000064,1970-01-01 00:00:00.000000056,Subsidiary,Public,Asset Management,REITs,nan,3.036,0.0,1.562,15.021,nan,7.726,4116.65,2018-09-26,1426.HK,<NA>
['Bangkok Dusit Medical Services PCL'],['Bumrungrad Hospital PCL'],2020-02-27,0,Asia Pacific Excluding Central Asia,Asia Pacific Excluding Central Asia,4.713,BA,"['Expand presence in new/foreign markets', 'Strengthen operations', 'Allow to offer new products and services']",Merger,Withdrawn,4.713,1970-01-01 00:00:00.000000033,1970-01-01 00:00:00.000000015,1970-01-01 00:00:00.000000011,Public,Public,Hospitals,Hospitals,nan,43.377,29.147,8.86,41.788,28.079,8.536,3227.624,2020-02-27,BH,242853512.7382009
['Cineworld Group PLC'],['Cineplex Inc'],2019-12-16,0,Europe,Americas,25.826,C,"['Create synergies, eliminate duplicate services/operations', 'Strengthen existing operations/expand presence in primary market', 'Increase shareholder value', 'Expand presence in new geographical regions']",Merger,Withdrawn,25.826,1970-01-01 00:00:00.000000041,1970-01-01 00:00:00.000000037,1970-01-01 00:00:00.000000034,Public,Public,Motion Pictures / Audio Visual,Motion Pictures / Audio Visual,nan,47.456,7.303,1.697,70.411,10.836,2.518,3155.633,2019-12-16,CGX.TO,1522167456.3337076
['SS&C Technologies Holdings Inc'],['MUFG Pension & Market Services Holdings Ltd'],2020-12-07,0,Americas,Asia Pacific Excluding Central Asia,4.193,AU,['General strategy to take advantage of sound investment opportunities'],Merger,Withdrawn,4.193,1970-01-01 00:00:00.000000041,1970-01-01 00:00:00.000000046,1970-01-01 00:00:00.000000047,Public,Public,Software,Other Financials,nan,-26.307,11.535,2.435,-35.689,15.648,3.304,3016.537,2020-12-07,LNK.AX,1600485318.6257765
['Investor Group'],['Dye & Durham Ltd'],2021-05-31,0,Americas,Americas,41.846,C,['Increase shareholder value'],Merger,Withdrawn,41.846,1970-01-01 00:00:00.000000023,1970-01-01 00:00:00.000000017,1970-01-01 00:00:00.000000022,Private,Public,Other Financials,Software,nan,-67.846,65.804,24.9,-69.059,66.981,25.345,2913.951,2021-05-31,DND.TO,453181682.9451539
['Link Administration Holdings Ltd SPV'],['MUFG Pension & Market Services Holdings Ltd'],2020-10-12,0,Asia Pacific Excluding Central Asia,Asia Pacific Excluding Central Asia,3.853,AU,"['Private Equity Buy and Build strategy.', 'General strategy to take advantage of sound investment opportunities']",Merger,Withdrawn,3.71,1970-01-01 00:00:00.000000035,1970-01-01 00:00:00.000000040,1970-01-01 00:00:00.000000040,Private,Public,Other Financials,Other Financials,nan,-25.143,11.024,2.328,-34.525,15.138,3.196,2805.685,2020-10-12,LNK.AX,1600485318.6257765
['EG Group Ltd'],['Ampol Ltd'],2020-01-08,0,Europe,Asia Pacific Excluding Central Asia,10.44,AU,['Strengthen operations'],Merger,Withdrawn,10.44,1969-12-31 23:59:59.999999953,1969-12-31 23:59:59.999999956,1969-12-31 23:59:59.999999956,Subsidiary,Public,Oil & Gas,Petrochemicals,nan,10.162,3.995,0.175,14.71,5.784,0.253,2607.043,2020-01-08,ALD.AX,6244055451.813398
['EchoStar Corp'],['Inmarsat Group Holdings Ltd'],2018-06-08,0,Americas,Europe,7.036,STG,"['Expand presence in new/foreign markets', 'Strengthen operations', 'Increase shareholder value']",Merger,Withdrawn,7.036,1970-01-01 00:00:00.000000010,1970-01-01 00:00:00.000000010,1969-12-31 23:59:59.999999990,Public,Public,Space and Satellites,Other Financials,nan,393.227,4.47,2.337,661.845,7.523,3.933,5466.186,2018-06-08,ISAT.F,108697457072779.28
['Partners Group Holding AG'],['Healius Ltd'],2020-02-25,0,Europe,Asia Pacific Excluding Central Asia,2.245,AU,['General strategy to take advantage of sound investment opportunities'],Merger,Withdrawn,2.245,1970-01-01 00:00:00.000000020,1970-01-01 00:00:00.000000018,1970-01-01 00:00:00.000000018,Public,Public,Alternative Financial Investments,Healthcare Equipment & Supplies,nan,20.86,7.385,1.127,41.529,14.703,2.245,2561.563,2020-02-25,HLS.AX,2823179495.9360695
['EQT Fund Management SARL'],['Iress Ltd'],2021-07-29,0,Europe,Asia Pacific Excluding Central Asia,11.576,AU,"['Private Equity Buy and Build strategy.', 'General strategy to take advantage of sound investment opportunities']",Merger,Withdrawn,11.393,1970-01-01 00:00:00.000000020,1970-01-01 00:00:00.000000025,1970-01-01 00:00:00.000000052,Subsidiary,Public,Alternative Financial Investments,IT Consulting & Services,nan,41.41,21.803,5.426,45.239,23.819,5.928,2449.368,2021-07-29,IRE.AX,1437872644.6280987
['Pai Partners'],['Ontex Group NV'],2018-07-06,0,Europe,Europe,32.299,EUR,"['Expand presence in new/foreign markets', 'Private Equity Buy and Build strategy.', 'Strengthen operations']",Merger,Withdrawn,32.299,1970-01-01 00:00:00.000000041,1970-01-01 00:00:00.000000046,1970-01-01 00:00:00.000000023,Private,Public,Alternative Financial Investments,Household & Personal Products,nan,17.061,8.183,0.93,22.952,11.009,1.251,3461.353,2018-07-06,ONTEX.BR,2059619488.6882238
['Cinven Ltd'],['Apex Group Jersey Ltd'],2021-05-14,0,Europe,Europe,12.401,STG,"['Expand presence in new/foreign markets', 'Private Equity Buy and Build strategy.', 'Strengthen operations']",Merger,Withdrawn,11.764,1970-01-01 00:00:00.000000045,1970-01-01 00:00:00.000000038,1970-01-01 00:00:00.000000036,Subsidiary,Public,Alternative Financial Investments,Professional Services,nan,87.829,26.449,8.368,95.132,28.648,9.064,2179.806,2021-05-14,SNN,8678610067.61833
['Long-Term Asset Partners Pty Ltd'],['Graincorp Ltd'],2018-12-03,0,Asia Pacific Excluding Central Asia,Asia Pacific Excluding Central Asia,7.622,AU,['General strategy to take advantage of sound investment opportunities'],Merger,Withdrawn,7.622,1970-01-01 00:00:00.000000040,1970-01-01 00:00:00.000000036,1970-01-01 00:00:00.000000026,Private,Public,Asset Management,Food and Beverage,nan,26.689,11.006,0.56,37.114,15.305,0.778,2421.686,2018-12-03,GNC.L,1444384690.112279
['Klepierre SA'],['Hammerson PLC'],2018-03-19,0,Europe,Europe,8.999,STG,"['Expand presence in new/foreign markets', 'Create synergies, eliminate duplicate services/operations', 'Strengthen operations', 'General strategy to take advantage of sound investment opportunities']",Merger,Withdrawn,8.716,1970-01-01 00:00:00.000000045,1970-01-01 00:00:00.000000039,1970-01-01 00:00:00.000000038,Public,Public,REITs,REITs,nan,12.253,28.607,20.263,20.237,47.246,33.465,11804.487,2018-03-19,HMSO.L,1047450314.7224388
['Endeavour Mining Corp'],['Centamin PLC'],2019-12-03,0,Europe,Europe,1.639,STG,"['Concentrate on core businesses/assets', 'Create synergies, eliminate duplicate services/operations', 'Strengthen operations', 'Increase shareholder value', 'Allow to offer new products and services']",Merger,Withdrawn,1.639,1970-01-01 00:00:00.000000012,1970-01-01 00:00:00.000000013,1970-01-01 00:00:00.000000010,Public,Public,Metals & Mining,Metals & Mining,nan,12.243,6.203,3.098,10.392,5.265,2.63,1608.585,2019-12-03,CEY.L,2166232775.70459
['Minerals Technologies Inc'],['Elementis PLC'],2020-11-12,0,Americas,Europe,1.747,STG,['Strengthen operations'],Merger,Withdrawn,1.438,1970-01-01 00:00:00.000000032,1970-01-01 00:00:00.000000049,1970-01-01 00:00:00.000000066,Public,Public,Chemicals,Chemicals,nan,-20.013,6.553,1.225,-30.55,10.004,1.87,1548.714,2020-11-12,ELM.L,944019192.6780956
['Jangho Hong Kong Ltd'],['Healius Ltd'],2019-01-03,0,Asia Pacific Excluding Central Asia,Asia Pacific Excluding Central Asia,2.27,AU,['General strategy to take advantage of sound investment opportunities'],Merger,Withdrawn,2.27,1969-12-31 23:59:59.999999989,1969-12-31 23:59:59.999999990,1969-12-31 23:59:59.999999993,Subsidiary,Public,Building/Construction & Engineering,Healthcare Equipment & Supplies,1396.8,748.74,10.415,1.152,990.369,13.776,1.523,1642.607,2019-01-03,HLS.AX,3022220141.4458766
['Bali Bidco Ltd'],['Blue Prism Group Ltd'],2021-08-31,0,Europe,Europe,16.656,STG,"['Expand presence in new/foreign markets', 'Create synergies, eliminate duplicate services/operations', 'Strengthen operations']",Merger,Withdrawn,14.991,1970-01-01 00:00:00.000000050,1970-01-01 00:00:00.000000048,1970-01-01 00:00:00.000000044,Subsidiary,Public,Other Financials,Internet Software & Services,nan,-23.564,0.0,7.24,-21.179,-49.935,6.507,1450.53,2021-08-31,PRSM.MI,-6284970.969196092
['Investor Group'],['MagnaChip Semiconductor Corp'],2021-06-11,0,Europe,Asia Pacific Excluding Central Asia,35.0,WON,['Strengthen operations'],Merger,Withdrawn,35.0,1970-01-01 00:00:00.000000068,1970-01-01 00:00:00.000000053,1970-01-01 00:00:00.000000085,Private,Public,Other Financials,Semiconductors,nan,19.247,52.815,3.208,15.771,43.277,2.629,1357.474,2021-06-11,MX,627705935.3869269
['JBS SA'],['Pilgrims Pride Corp'],2021-08-13,0,Americas,Americas,26.5,US,"['Strengthen operations', 'Allow to offer new products and services']",Acquisition Of Remaining Interest,Withdrawn,26.5,1970-01-01 00:00:00.000000016,1970-01-01 00:00:00.000000024,1970-01-01 00:00:00.000000025,Public,Public,Food and Beverage,Food and Beverage,nan,67.923,11.082,0.534,86.155,14.057,0.677,1278.084,2021-08-13,PPC.O,7814180495.867765
['MGM Resorts International'],['MGM Resorts International'],2020-02-13,0,Americas,Americas,29.0,US,['Increase shareholder value'],Buyback,Intent Withdrawn,29.0,1969-12-31 23:59:59.999999987,1969-12-31 23:59:59.999999990,1969-12-31 23:59:59.999999986,Public,Public,Casinos & Gaming,Casinos & Gaming,nan,0.0,0.0,0.0,nan,nan,nan,1250.0,2020-02-13,MGM,23703148206.406662
['HD Korea Shipbuilding & Offshore Engineering Co Ltd'],['Hanwha Ocean Co Ltd'],2019-01-31,0,Asia Pacific Excluding Central Asia,Asia Pacific Excluding Central Asia,31.613,WON,['Strengthen existing operations/expand presence in primary market'],Acquisition Of Partial Interest,Withdrawn,31.613,1969-12-31 23:59:59.999999993,1969-12-31 23:59:59.999999998,1970-01-01 00:00:00.000000004,Public,Public,Automobiles & Auto Parts,AUTOMOTIVE,nan,16.438,4.535,0.545,25.345,6.992,0.841,1351.5,2019-01-31,042660.KS,2604685256674.1206
['Investor Group'],['MagnaChip Semiconductor Corp'],2021-03-26,0,Americas,Asia Pacific Excluding Central Asia,29.0,WON,"['Strengthen operations', 'Increase shareholder value']",Merger,Withdrawn,29.0,1970-01-01 00:00:00.000000042,1970-01-01 00:00:00.000000029,1970-01-01 00:00:00.000000056,Private,Public,Other Financials,Semiconductors,nan,21.466,33.884,2.907,18.531,29.252,2.509,1215.609,2021-03-26,MX,627705935.3869269
['Undisclosed Acquiror'],['Sorrento Therapeutics Inc'],2020-01-10,0,Unknown Region,Americas,7.0,US,['Other'],Merger,Withdrawn,7.0,1970-01-01 00:00:00.000000105,1970-01-01 00:00:00.000000109,1970-01-01 00:00:00.000000071,Private,Public,Brokerage,Pharmaceuticals,nan,-2.736,0.0,31.595,-3.322,-6.967,38.366,1205.928,2020-01-10,SRNE.O,-2428014010.6550093
['Great American Outdoor Group'],['Sportsmans Warehouse Holdings Inc'],2020-12-21,0,Americas,Americas,18.0,US,"['Strengthen operations', 'Increase shareholder value']",Merger,Withdrawn,18.0,1970-01-01 00:00:00.000000044,1970-01-01 00:00:00.000000055,1970-01-01 00:00:00.000000021,Private,Public,Other Consumer Products,Other Retailing,nan,26.592,0.0,0.8,39.483,nan,1.187,1203.53,2020-12-21,SPWH.O,622699006.8984358
['Investor Group'],['CCR SA'],2021-05-07,0,Americas,Americas,4.004,BR,['Other'],Acquisition Of Partial Interest,Withdrawn,4.004,1970-01-01 00:00:00.000000073,1970-01-01 00:00:00.000000075,1970-01-01 00:00:00.000000067,Private,Public,Other Financials,Transportation & Infrastructure,nan,64.923,7.703,3.895,85.743,10.173,5.144,1201.794,2021-05-07,CCRO3.SA,35512531758.07663
['Wesfarmers Ltd'],['Lynas Rare Earths Ltd'],2019-03-26,0,Asia Pacific Excluding Central Asia,Asia Pacific Excluding Central Asia,1.6,AU,"['Strengthen operations', 'Increase shareholder value']",Merger,Withdrawn,1.6,1970-01-01 00:00:00.000000044,1970-01-01 00:00:00.000000036,1970-01-01 00:00:00.000000025,Public,Public,Home Improvement Retailing,Metals & Mining,nan,70.21,16.45,4.243,78.997,18.509,4.774,1198.378,2019-03-26,LYC.AX,1438170717.3504043
['BGH Capital Pty Ltd'],['Hansen Technologies Ltd'],2021-06-07,0,Asia Pacific Excluding Central Asia,Asia Pacific Excluding Central Asia,5.029,AU,['Strengthen operations'],Merger,Withdrawn,5.029,1970-01-01 00:00:00.000000025,1970-01-01 00:00:00.000000022,1970-01-01 00:00:00.000000015,Private,Public,Alternative Financial Investments,IT Consulting & Services,nan,33.634,13.125,4.318,36.537,14.257,4.691,1086.082,2021-06-07,HSN.AX,956710232.907588
['Imperial Oil Ltd'],['Imperial Oil Ltd'],2019-06-21,0,Americas,Americas,28.402,C,['Other'],Buyback,Withdrawn,28.402,1970-01-01 00:00:00.000000000,1970-01-01 00:00:00.000000003,1970-01-01 00:00:00.000000001,Public,Public,Oil & Gas,Oil & Gas,nan,13.151,6.34,0.785,15.165,7.312,0.905,1085.289,2019-06-21,IMO,31365338246.890724
['Mobico Group PLC'],['Stagecoach Group Ltd'],2021-09-21,0,Europe,Europe,1.097,STG,"['Expand presence in new/foreign markets', 'Create synergies, eliminate duplicate services/operations', 'Strengthen operations']",Merger,Withdrawn,1.097,1970-01-01 00:00:00.000000017,1970-01-01 00:00:00.000000013,1970-01-01 00:00:00.000000010,Public,Public,Transportation & Infrastructure,Transportation & Infrastructure,nan,13.205,0.0,0.477,22.846,-9.004,0.825,1045.247,2021-09-21,SGC.O,419643260.70623577
['Investor Group'],['Smartgroup Corporation Ltd'],2021-09-29,0,Americas,Asia Pacific Excluding Central Asia,7.489,AU,['Strengthen operations'],Merger,Withdrawn,7.489,1970-01-01 00:00:00.000000031,1970-01-01 00:00:00.000000035,1970-01-01 00:00:00.000000030,Private,Public,Other Financials,Professional Services,751.0968,27.369,14.353,6.449,27.671,14.511,6.52,1011.141,2021-09-29,SIQ.AX,671510075.13148
['Illumina Inc'],['Pacific Biosciences of California Inc'],2018-11-01,0,Americas,Americas,8.0,US,['Strengthen operations'],Merger,Withdrawn,8.0,1970-01-01 00:00:00.000000079,1970-01-01 00:00:00.000000100,1970-01-01 00:00:00.000000082,Public,Public,Healthcare Equipment & Supplies,Healthcare Equipment & Supplies,nan,-13.363,0.0,14.713,-12.267,-13.569,13.507,1135.041,2018-11-01,PACB.O,-1010065003.5025604
['Acacia Research Corp'],['Comtech Telecommunications Corp'],2021-11-01,0,Americas,Americas,30.0,US,['Strengthen operations'],Merger,Withdrawn,30.0,1970-01-01 00:00:00.000000039,1970-01-01 00:00:00.000000039,1970-01-01 00:00:00.000000018,Public,Public,Professional Services,Telecommunications Equipment,nan,123.913,13.725,1.403,151.723,16.805,1.718,967.389,2021-11-01,CMTL.O,-598348542.4492861
['Investor Group'],['Zoomlion Heavy Industry Science and Technology Co Ltd'],2020-07-05,0,Asia Pacific Excluding Central Asia,Asia Pacific Excluding Central Asia,0.747,CY,['Strengthen operations'],Acquisition Of Partial Interest,Withdrawn,0.747,1969-12-31 23:59:59.999999974,1969-12-31 23:59:59.999999985,1969-12-31 23:59:59.999999984,Private,Public,Other Financials,Machinery,nan,8.393,6.671,0.969,12.636,10.043,1.459,934.103,2020-07-05,000157.KS,10553193926436.852
['Nippon Shokubai Co Ltd'],['Sanyo Chemical Industries Ltd'],2019-05-29,0,Japan,Japan,50.468,Y,"['Create synergies, eliminate duplicate services/operations', 'Strengthen operations', 'Other']",Merger,Withdrawn,50.468,1970-01-01 00:00:00.000000007,1970-01-01 00:00:00.000000011,1969-12-31 23:59:59.999999999,Public,Public,Chemicals,Chemicals,nan,310.261,5.716,0.776,288.57,5.316,0.721,982.511,2019-05-29,4471.T,136662101880.77065
['Sigma Healthcare Ltd'],['Australian Pharmaceutical Industries Pty Ltd'],2021-09-27,0,Asia Pacific Excluding Central Asia,Asia Pacific Excluding Central Asia,1.103,AU,"['Create synergies, eliminate duplicate services/operations']",Merger,Withdrawn,1.103,1970-01-01 00:00:00.000000032,1970-01-01 00:00:00.000000032,1970-01-01 00:00:00.000000029,Public,Public,Other Consumer Products,Other Retailing,nan,653.328,6.671,0.187,893.624,9.124,0.256,743.287,2021-09-27,API.O,-246099287.50563484
['Great Pacific Capital Corp'],['Canfor Corp'],2019-08-11,0,Americas,Americas,12.097,C,['Increase shareholder value'],Acquisition Of Remaining Interest,Withdrawn,12.097,1970-01-01 00:00:00.000000081,1970-01-01 00:00:00.000000069,1970-01-01 00:00:00.000000055,Subsidiary,Public,Other Financials,Paper & Forest Products,nan,-81.444,5.975,0.416,-122.952,9.021,0.628,743.876,2019-08-11,CFP.TO,6738439655.761217
['Investor Group'],['Nordstrom Inc'],2018-03-05,0,Americas,Americas,50.0,US,"['Strengthen operations', 'Other']",Merger,Withdrawn,50.0,1969-12-31 23:59:59.999999995,1969-12-31 23:59:59.999999996,1970-01-01 00:00:00.000000007,Private,Public,Other Financials,Apparel Retailing,nan,16.893,5.083,0.523,20.141,6.06,0.623,7302.577,2018-03-05,JWN,11798785393.221
['Wilks Brothers LLC'],['Calfrac Well Services Ltd'],2020-08-04,0,Americas,Americas,0.112,C,['Strengthen operations'],Merger,Withdrawn,0.134,1970-01-01 00:00:00.000000007,1969-12-31 23:59:59.999999997,1969-12-31 23:59:59.999999991,Private,Public,Asset Management,Oil & Gas,nan,nan,0.0,nan,nan,nan,nan,636.428,2020-08-04,CFW.TO,708910459.6680553
['Investor Group'],['iClick Interactive Asia Group Ltd'],2021-09-24,0,Asia Pacific Excluding Central Asia,Asia Pacific Excluding Central Asia,6.75,HK,['Increase shareholder value'],Merger,Withdrawn,6.75,1970-01-01 00:00:00.000000019,1970-01-01 00:00:00.000000034,1970-01-01 00:00:00.000000038,Private,Public,Other Financials,Advertising & Marketing,nan,-48.901,0.0,2.231,-47.892,-275.217,2.185,636.361,2021-09-24,ICLK.O,-65568564.98873027
['USR Parent Inc'],['ODP Corp'],2021-01-11,0,Americas,Americas,18.27,US,['Strengthen operations'],Merger,Withdrawn,40.0,1969-12-31 23:59:59.999999950,1969-12-31 23:59:59.999999961,1969-12-31 23:59:59.999999968,Subsidiary,Public,Other Retailing,Other Retailing,nan,-3.216,2.179,0.107,-1.975,1.338,0.066,614.243,2021-01-11,ODP.O,4389752066.115702
['Vintage Capital Management LLC'],['Red Robin Gourmet Burgers Inc'],2019-07-13,0,Americas,Americas,40.0,US,"['Strengthen operations', 'Increase shareholder value']",Merger,Withdrawn,40.0,1970-01-01 00:00:00.000000029,1970-01-01 00:00:00.000000032,1970-01-01 00:00:00.000000020,Private,Public,Alternative Financial Investments,FOOD/BEVERAGES,nan,-80.798,4.182,0.387,-109.498,5.667,0.525,642.865,2019-07-13,RRGB.O,684697228.3313979
['Gestion MTRHP Inc'],['Transat AT Inc'],2020-12-15,0,Americas,Americas,3.911,C,['General strategy to take advantage of sound investment opportunities'],Merger,Withdrawn,3.911,1969-12-31 23:59:59.999999948,1969-12-31 23:59:59.999999954,1969-12-31 23:59:59.999999995,Private,Public,Other Financials,Travel Services,nan,-0.38,0.0,0.145,-1.341,-5.506,0.512,521.152,2020-12-15,TRZ.TO,-383461493.7504269
['Suwa Investment Holdings LLC'],['Japan Display Inc'],2019-04-12,0,Asia Pacific Excluding Central Asia,Japan,0.448,Y,['Other'],Acquisition Of Majority Interest,Withdrawn,0.448,1969-12-31 23:59:59.999999997,1969-12-31 23:59:59.999999975,1969-12-31 23:59:59.999999959,Subsidiary,Public,Other Financials,Electronics,716.56,-1.121,8.687,0.192,-2.192,16.987,0.376,716.56,2019-04-12,6740.T,74200444579.66724
['Hafnia Ltd (Pre-Reincorporation)'],['Ardmore Shipping Corp'],2020-07-06,0,Asia Pacific Excluding Central Asia,Americas,4.459,BER,"['Strengthen existing operations/expand presence in primary market', 'Increase shareholder value']",Merger,Withdrawn,4.459,1970-01-01 00:00:00.000000003,1969-12-31 23:59:59.999999999,1969-12-31 23:59:59.999999976,Public,Public,Transportation & Infrastructure,Transportation & Infrastructure,nan,-20.529,2.645,0.633,-70.889,9.133,2.188,509.62,2020-07-06,ASC,344573514.8336861
['Dye & Durham Ltd'],['Idox PLC'],2021-02-19,0,Americas,Europe,1.048,STG,['Strengthen operations'],Merger,Withdrawn,1.048,1970-01-01 00:00:00.000000022,1970-01-01 00:00:00.000000036,1970-01-01 00:00:00.000000043,Public,Public,Software,Software,nan,260.788,18.263,4.892,276.44,19.359,5.186,492.809,2021-02-19,IDOX.L,170037114.95116448
['Ashburn Pty Ltd'],['Regis Healthcare Ltd'],2020-11-19,0,Asia Pacific Excluding Central Asia,Asia Pacific Excluding Central Asia,1.351,AU,['General strategy to take advantage of sound investment opportunities'],Merger,Withdrawn,1.351,1970-01-01 00:00:00.000000022,1970-01-01 00:00:00.000000047,1970-01-01 00:00:00.000000094,Private,Public,Other Financials,Healthcare Providers & Services (HMOs),nan,147.833,6.686,0.821,212.855,9.627,1.182,474.569,2020-11-19,REG.O,7197955465.473667
['JELD-WEN Holding Inc'],['JELD-WEN Holding Inc'],2021-03-01,0,Americas,Americas,29.25,US,['Other'],Buyback,Withdrawn,29.25,1969-12-31 23:59:59.999999999,1970-01-01 00:00:00.000000002,1970-01-01 00:00:00.000000007,Public,Public,Home Furnishings,Home Furnishings,nan,578.822,158.807,12.516,590.093,161.899,12.759,423.4,2021-03-01,JELD.N,2852225837.716002
"[""Rede D'Or Sao Luiz SA""]",['Allianca Saude e Participacoes SA'],2021-08-15,0,Americas,Americas,2.192,BR,['Strengthen operations'],Merger,Withdrawn,2.192,1970-01-01 00:00:00.000000021,1970-01-01 00:00:00.000000014,1970-01-01 00:00:00.000000008,Public,Public,Hospitals,Healthcare Equipment & Supplies,nan,36.851,5.863,1.214,59.634,9.488,1.964,419.584,2021-08-15,AALR3.SA,1041178707.7385422
['Seafox Operations BV'],['Gulf Marine Services PLC'],2020-04-26,0,Europe,"Africa, Middle East, or Central Asia",0.09,UAD,['Strengthen operations'],Merger,Withdrawn,0.07,1970-01-01 00:00:00.000000160,1970-01-01 00:00:00.000000140,1970-01-01 00:00:00.000000133,Private,Public,Transportation & Infrastructure,AUTOMOTIVE,nan,-0.355,0.592,0.28,-4.763,7.952,3.758,419.177,2020-04-26,GMS,2023634508.5718184
['Air Canada'],['Transat AT Inc'],2019-05-16,0,Americas,Americas,3.812,C,"['Strengthen existing operations/expand presence in primary market', 'Increase shareholder value']",Merger,Withdrawn,9.91,1969-12-31 23:59:59.999999948,1969-12-31 23:59:59.999999954,1969-12-31 23:59:59.999999995,Public,Public,Transportation & Infrastructure,Travel Services,nan,-0.791,8.971,0.096,-2.396,27.189,0.29,435.386,2019-05-16,TRZ.TO,-301975146.07174116
['McMillan Shakespeare Ltd'],['Fleetpartners Group Ltd'],2018-11-08,0,Asia Pacific Excluding Central Asia,Asia Pacific Excluding Central Asia,2.073,AU,"['Create synergies, eliminate duplicate services/operations', 'Strengthen operations', 'Increase shareholder value', 'Other', 'Allow to offer new products and services']",Merger,Withdrawn,2.073,1970-01-01 00:00:00.000000033,1970-01-01 00:00:00.000000035,1969-12-31 23:59:59.999999992,Public,Public,Professional Services,Credit Institutions,nan,14.648,2.279,1.201,14.648,2.279,1.201,662.731,2018-11-08,FPR.AX,1605118830.2576084
['Australian Pharmaceutical Industries Pty Ltd'],['Sigma Healthcare Ltd'],2018-12-14,0,Asia Pacific Excluding Central Asia,Asia Pacific Excluding Central Asia,0.496,AU,"['Create synergies, eliminate duplicate services/operations', 'Strengthen operations', 'Increase shareholder value', 'General strategy to take advantage of sound investment opportunities']",Merger,Withdrawn,0.496,1970-01-01 00:00:00.000000064,1970-01-01 00:00:00.000000050,1970-01-01 00:00:00.000000035,Public,Public,Other Retailing,Other Consumer Products,nan,17.599,9.416,0.175,21.939,11.738,0.218,586.649,2018-12-14,SIG,6555188314.712276
['QIC Ltd'],['Superloop Ltd'],2019-05-03,0,Asia Pacific Excluding Central Asia,Asia Pacific Excluding Central Asia,1.365,AU,['General strategy to take advantage of sound investment opportunities'],Merger,Intent Withdrawn,1.365,1970-01-01 00:00:00.000000007,1970-01-01 00:00:00.000000014,1970-01-01 00:00:00.000000036,Private,Public,Asset Management,Wireless,nan,-145.689,22.634,3.799,-171.852,26.699,4.481,407.684,2019-05-03,SLC.AX,149079262.22128388
['Frasers Group PLC'],['Studio Retail Group PLC'],2019-03-04,0,Europe,Europe,2.126,STG,"['Strengthen operations', 'Allow to offer new products and services']",Merger,Withdrawn,2.126,1970-01-01 00:00:00.000000000,1969-12-31 23:59:59.999999989,1969-12-31 23:59:59.999999987,Public,Public,Other Retailing,Internet and Catalog Retailing,nan,5.191,2.955,0.289,14.094,8.024,0.785,431.193,2019-03-04,STU.NZ,29221499.090350255
['Obsidian Energy Ltd'],['Bonterra Energy Corp'],2020-08-31,0,Americas,Americas,0.809,C,"['Create synergies, eliminate duplicate services/operations', 'Strengthen existing operations/expand presence in primary market', 'Increase shareholder value']",Merger,Withdrawn,0.809,1969-12-31 23:59:59.999999971,1969-12-31 23:59:59.999999971,1969-12-31 23:59:59.999999969,Public,Public,Oil & Gas,Oil & Gas,nan,-0.121,0.464,0.238,-1.134,4.361,2.234,254.002,2020-08-31,BNE.TO,604297819.8210503
['Alceon Group Pty Ltd'],['Think Childcare Pty Ltd'],2020-11-16,0,Asia Pacific Excluding Central Asia,Asia Pacific Excluding Central Asia,1.325,AU,nan,Merger,Withdrawn,1.022,1970-01-01 00:00:00.000000040,1970-01-01 00:00:00.000000053,1970-01-01 00:00:00.000000083,Private,Public,Other Financials,Professional Services,nan,52.098,4.01,0.95,158.069,12.167,2.883,245.484,2020-11-16,TNK,1856168754.8664706
['Luxfer Holdings PLC'],['Neo Performance Materials Inc'],2018-12-18,0,Europe,Americas,12.914,C,"['Create synergies, eliminate duplicate services/operations', 'Strengthen existing operations/expand presence in primary market', 'Increase shareholder value', 'Expand presence in new geographical regions']",Merger,Withdrawn,12.914,1970-01-01 00:00:00.000000049,1970-01-01 00:00:00.000000038,1970-01-01 00:00:00.000000013,Public,Public,Metals & Mining,Chemicals,nan,15.119,9.178,1.177,13.159,7.988,1.024,448.121,2018-12-18,NEO.O,172275502.1588305
['City Index Eleventh Co Ltd'],['Shibaura Machine Co Ltd'],2020-01-17,0,Japan,Japan,31.367,Y,['Response to other bid/tender offer'],Acquisition Of Partial Interest,Withdrawn,31.367,1970-01-01 00:00:00.000000011,1970-01-01 00:00:00.000000017,1970-01-01 00:00:00.000000017,Subsidiary,Public,Other Financials,Machinery,nan,21.682,13.837,0.697,19.945,12.729,0.641,235.251,2020-01-17,6104.T,44751764906.768654
['SG Fleet Group Ltd'],['Fleetpartners Group Ltd'],2018-08-20,0,Asia Pacific Excluding Central Asia,Asia Pacific Excluding Central Asia,1.845,AU,"['Create synergies, eliminate duplicate services/operations', 'Strengthen operations']",Merger,Withdrawn,1.845,1970-01-01 00:00:00.000000017,1970-01-01 00:00:00.000000020,1969-12-31 23:59:59.999999982,Public,Public,Professional Services,Credit Institutions,nan,14.792,2.004,1.157,14.792,2.004,1.157,576.645,2018-08-20,FPR.AX,1605118830.2576084
['IGO Ltd'],['Panoramic Resources Ltd'],2019-11-04,0,Asia Pacific Excluding Central Asia,Asia Pacific Excluding Central Asia,0.34,AU,"['Concentrate on core businesses/assets', 'Strengthen operations', 'General strategy to take advantage of sound investment opportunities']",Merger,Withdrawn,0.34,1970-01-01 00:00:00.000000046,1970-01-01 00:00:00.000000053,1970-01-01 00:00:00.000000058,Public,Public,Metals & Mining,Metals & Mining,nan,31.515,154.217,11.582,35.189,172.193,12.932,216.022,2019-11-04,PAN.AX,22956379.53194949
['SSR Mining Inc'],['SSR Mining Inc'],2021-04-19,0,Americas,Americas,20.31,US,['Other'],Buyback,Withdrawn,20.31,1970-01-01 00:00:00.000000025,1970-01-01 00:00:00.000000033,1970-01-01 00:00:00.000000033,Public,Public,Metals & Mining,Metals & Mining,nan,nan,0.0,nan,nan,nan,nan,203.1,2021-04-19,SSRM.O,2993056574.004507
['Undisclosed Acquiror'],['Pacific Current Group Ltd'],2019-10-29,0,Unknown Region,Asia Pacific Excluding Central Asia,5.077,AU,['Increase shareholder value'],Merger,Withdrawn,5.077,1970-01-01 00:00:00.000000009,1970-01-01 00:00:00.000000006,1970-01-01 00:00:00.000000005,Private,Public,Brokerage,Asset Management,nan,9.096,26.018,6.471,7.239,20.706,5.15,192.499,2019-10-29,PAC,3668953282.1561074
['Sunshine H Investment Partnership'],['Keihanshin Building Co Ltd'],2020-11-04,0,Japan,Japan,18.189,Y,['Other'],Acquisition Of Partial Interest,Withdrawn,18.189,1970-01-01 00:00:00.000000001,1969-12-31 23:59:59.999999999,1970-01-01 00:00:00.000000006,Subsidiary,Public,Other Financials,Non Residential,nan,24.068,12.721,6.464,34.686,18.332,9.315,185.637,2020-11-04,8818.T,109428207724.19914
['Investor Group'],['Yihua Healthcare Co Ltd'],2020-03-18,0,Asia Pacific Excluding Central Asia,Asia Pacific Excluding Central Asia,0.571,CY,"['Concentrate on core businesses/assets', 'Strengthen operations', 'Other']",Acquisition Of Partial Interest,Withdrawn,0.571,1969-12-31 23:59:59.999999995,1969-12-31 23:59:59.999999986,1969-12-31 23:59:59.999999996,Private,Public,Other Financials,Healthcare Providers & Services (HMOs),nan,-2.937,39.45,2.547,-5.247,70.465,4.549,150.338,2020-03-18,000150.KS,11887002409463.967
['NK Lukoil PAO'],['FAR Ltd'],2021-02-17,0,Europe,Asia Pacific Excluding Central Asia,0.017,AU,['Strengthen operations'],Merger,Withdrawn,0.017,nan,nan,nan,Public,Public,Petrochemicals,Oil & Gas,nan,-11.154,0.0,778.489,-9.49,-9.283,662.344,144.867,2021-02-17,4904.TW,241235413102.93005
['Auto Experience Inc'],['Consumer Portfolio Services Inc'],2020-10-08,0,Americas,Americas,6.18,US,['Strengthen operations'],Merger,Withdrawn,6.18,1970-01-01 00:00:00.000000084,1970-01-01 00:00:00.000000081,1970-01-01 00:00:00.000000087,Private,Public,Other Financials,Brokerage,nan,7.99,4.635,0.477,7.99,4.635,0.477,140.316,2020-10-08,CPSS.O,781957005.6690115
['SAN JV (RF) (Pty) Ltd'],['Sanlam Maroc SA'],2021-05-03,0,"Africa, Middle East, or Central Asia","Africa, Middle East, or Central Asia",147.583,MD,"['Expand presence in new/foreign markets', 'Strengthen operations']",Acquisition Of Partial Interest,Withdrawn,147.583,1970-01-01 00:00:00.000000010,1970-01-01 00:00:00.000000010,1970-01-01 00:00:00.000000008,Subsidiary,Public,INSURANCE,Insurance,nan,27.424,10.88,1.068,27.424,10.88,1.068,138.529,2021-05-03,SAH,2863767385.424492
['Think & Learn Pvt Ltd'],['3P Learning Ltd'],2020-11-12,0,Asia Pacific Excluding Central Asia,Asia Pacific Excluding Central Asia,1.095,AU,['Strengthen operations'],Merger,Withdrawn,1.058,1970-01-01 00:00:00.000000036,1970-01-01 00:00:00.000000040,1970-01-01 00:00:00.000000043,Private,Public,Professional Services,Internet Software & Services,nan,136.115,14.212,3.82,121.74,12.711,3.417,137.711,2020-11-12,3PL.AX,118371347.5855474
['Enghouse Systems Ltd'],['Enghouse Systems Ltd'],2021-04-26,0,Americas,Americas,45.884,C,['Other'],Buyback,Withdrawn,45.884,1970-01-01 00:00:00.000000000,1969-12-31 23:59:59.999999999,1969-12-31 23:59:59.999999997,Public,Public,Software,Software,nan,23.695,13.133,4.769,21.82,12.094,4.392,137.651,2021-04-26,ENGH.TO,2002401029.3012767
['Allegro Funds Pty Ltd'],['Capral Ltd'],2021-04-14,0,Asia Pacific Excluding Central Asia,Asia Pacific Excluding Central Asia,5.347,AU,nan,Merger,Withdrawn,5.347,1970-01-01 00:00:00.000000014,1970-01-01 00:00:00.000000013,1970-01-01 00:00:00.000000007,Private,Public,Alternative Financial Investments,Metals & Mining,nan,4.571,2.674,0.274,6.387,3.736,0.383,126.449,2021-04-14,CAA.AX,298004823.44102174
['Sumitomo Pharma Co Ltd'],['Cynata Therapeutics Ltd'],2019-07-19,0,Japan,Asia Pacific Excluding Central Asia,1.415,AU,['Strengthen operations'],Merger,Withdrawn,1.415,1970-01-01 00:00:00.000000025,1970-01-01 00:00:00.000000040,1970-01-01 00:00:00.000000061,Public,Public,Pharmaceuticals,Biotechnology,nan,-23.786,0.0,1033.421,-22.962,nan,997.621,137.634,2019-07-19,CYP.AX,<NA>
['Investor Group'],['Ranger Energy Services Inc'],2020-03-16,0,Americas,Americas,6.0,US,nan,Merger,Withdrawn,6.0,1970-01-01 00:00:00.000000025,1970-01-01 00:00:00.000000037,1969-12-31 23:59:59.999999988,Private,Public,Other Financials,Oil & Gas,nan,21.135,1.97,0.276,31.18,2.907,0.407,122.78,2020-03-16,RNGR.N,293292944.471006
['Undisclosed Acquiror'],['Amigo Holdings PLC'],2020-05-27,0,Unknown Region,Europe,0.258,STG,['Expand presence in new geographical regions'],Merger,Withdrawn,0.258,1969-12-31 23:59:59.999999931,1969-12-31 23:59:59.999999932,1969-12-31 23:59:59.999999932,Private,Public,Brokerage,Credit Institutions,nan,-3.652,39.738,0.338,-3.652,39.738,0.338,122.501,2020-05-27,AMGO.L,472241991.6672356
['Ecotricity Group Ltd'],['Good Energy Group PLC'],2021-07-12,0,Europe,Europe,5.535,STG,nan,Merger,Withdrawn,4.705,1970-01-01 00:00:00.000000030,1970-01-01 00:00:00.000000037,1970-01-01 00:00:00.000000042,Private,Public,Power,Power,nan,15.779,4.274,0.506,24.713,6.694,0.793,121.193,2021-07-12,GOOD.O,571743215.6273477
['IXL Australia Pty Ltd'],['3P Learning Ltd'],2020-08-14,0,Asia Pacific Excluding Central Asia,Asia Pacific Excluding Central Asia,0.965,AU,['Strengthen operations'],Merger,Withdrawn,0.965,1970-01-01 00:00:00.000000023,1970-01-01 00:00:00.000000026,1970-01-01 00:00:00.000000029,Subsidiary,Public,Educational Services,Internet Software & Services,nan,128.523,13.419,3.607,114.148,11.918,3.204,119.857,2020-08-14,3PL.AX,136513892.4936821
['Fletcher Building Ltd'],['Steel & Tube Holdings Ltd'],2018-10-03,0,Asia Pacific Excluding Central Asia,Asia Pacific Excluding Central Asia,1.121,NZ,['Strengthen existing operations/expand presence in primary market'],Merger,Withdrawn,1.121,1970-01-01 00:00:00.000000026,1970-01-01 00:00:00.000000038,1970-01-01 00:00:00.000000038,Public,Public,Construction Supplies & Fixtures,Metals & Mining,nan,-8.805,0.0,0.569,-12.061,-40.849,0.78,254.816,2018-10-03,STU.NZ,13182375.091797564
['Veren Inc'],['Veren Inc'],2021-03-05,0,Americas,Americas,4.011,C,['Increase shareholder value'],Buyback,Withdrawn,4.011,1970-01-01 00:00:00.000000000,1970-01-01 00:00:00.000000008,1970-01-01 00:00:00.000000024,Public,Public,Oil & Gas,Oil & Gas,nan,-1.067,3.665,1.807,-2.022,6.947,3.425,106.135,2021-03-05,VRN,7610674680.691207
['Beijing New Journey Healthcare Industry Group Co Ltd'],['Yihua Healthcare Co Ltd'],2021-01-12,0,Asia Pacific Excluding Central Asia,Asia Pacific Excluding Central Asia,0.389,CY,['Strengthen operations'],Acquisition Of Partial Interest,Withdrawn,0.389,1969-12-31 23:59:59.999999973,1969-12-31 23:59:59.999999977,1969-12-31 23:59:59.999999985,Subsidiary,Public,Other Retailing,Healthcare Providers & Services (HMOs),nan,-4.679,0.0,1.843,-10.036,-46.768,3.954,102.406,2021-01-12,000150.KS,12557015329701.363
['Westgold Resources Ltd'],['Spartan Resources Ltd'],2021-09-30,0,Asia Pacific Excluding Central Asia,Asia Pacific Excluding Central Asia,0.397,AU,nan,Merger,Withdrawn,0.312,1970-01-01 00:00:00.000000071,1970-01-01 00:00:00.000000068,1970-01-01 00:00:00.000000066,Public,Public,Metals & Mining,Metals & Mining,nan,-2.773,1.304,0.602,-2.883,1.355,0.626,94.964,2021-09-30,SPR,-3284738542.4492855
['Scottish Pacific Group Pty Ltd'],['Earlypay Ltd'],2019-12-19,0,Asia Pacific Excluding Central Asia,Asia Pacific Excluding Central Asia,0.391,AU,nan,Merger,Withdrawn,0.391,1970-01-01 00:00:00.000000023,1970-01-01 00:00:00.000000029,1970-01-01 00:00:00.000000025,Subsidiary,Public,Credit Institutions,Credit Institutions,nan,15.743,6.421,2.862,15.743,6.421,2.862,90.612,2019-12-19,EPY.AX,127962616.81082386
['Remus Horizons PCC Ltd'],['FAR Ltd'],2020-12-17,0,Europe,Asia Pacific Excluding Central Asia,0.016,AU,['General strategy to take advantage of sound investment opportunities'],Merger,Withdrawn,0.016,1970-01-01 00:00:00.000000090,1970-01-01 00:00:00.000000090,1970-01-01 00:00:00.000000090,Private,Public,Other Financials,Oil & Gas,nan,-4.942,0.0,404.546,-2.805,-3.42,229.585,90.098,2020-12-17,4904.TW,242972202820.84552
['St Barbara Ltd'],['Patronus Resources Ltd'],2021-10-07,0,Asia Pacific Excluding Central Asia,Asia Pacific Excluding Central Asia,0.116,AU,nan,Merger,Intent Withdrawn,0.116,1970-01-01 00:00:00.000000052,1970-01-01 00:00:00.000000052,1970-01-01 00:00:00.000000039,Public,Public,Metals & Mining,Metals & Mining,nan,-8.299,0.0,5559.609,-7.816,-7.888,5236.0,87.575,2021-10-07,PTN,-228411049.3163035
['IPH Ltd'],['QANTM Intellectual Property Ltd'],2018-11-27,0,Asia Pacific Excluding Central Asia,Asia Pacific Excluding Central Asia,1.3,AU,['Other'],Merger,Withdrawn,1.3,1970-01-01 00:00:00.000000037,1970-01-01 00:00:00.000000042,1970-01-01 00:00:00.000000035,Public,Public,Legal Services,Professional Services,nan,25.175,12.952,2.355,25.175,12.952,2.355,172.913,2018-11-27,QIP.AX,143912066.46003154
['Investor Group'],['Jiangyin Jianghua Micro-electronic Materials Co Ltd'],2020-02-24,0,Asia Pacific Excluding Central Asia,Asia Pacific Excluding Central Asia,4.676,CY,"['Strengthen existing operations/expand presence in primary market', 'Proceeds used to pay down existing outstanding debt']",Acquisition Of Partial Interest,Withdrawn,4.676,1969-12-31 23:59:59.999999967,1969-12-31 23:59:59.999999975,1969-12-31 23:59:59.999999983,Private,Public,Other Financials,Chemicals,nan,124.615,59.243,8.366,125.138,59.492,8.401,73.41,2020-02-24,603078,-62637272.72727272
['Vivani Medical Inc (Pre-Reincorporation)'],['Pixium Vision'],2021-01-05,0,Americas,Europe,2.35,EUR,nan,Merger,Withdrawn,2.35,1970-01-01 00:00:00.000011893,1970-01-01 00:00:00.000011188,1970-01-01 00:00:00.000011893,Public,Public,Healthcare Equipment & Supplies,Healthcare Equipment & Supplies,nan,-7.314,0.0,31.992,-6.521,-8.175,28.522,73.081,2021-01-05,ALPIX.PA,-98971563.35837713
['Zhang Jianfang'],['ZheJiang KangLongDa Special Protection Technology Co Ltd'],2020-04-25,0,Asia Pacific Excluding Central Asia,Asia Pacific Excluding Central Asia,2.615,CY,['Strengthen operations'],Acquisition Of Partial Interest,Withdrawn,2.615,1969-12-31 23:59:59.999999977,1969-12-31 23:59:59.999999978,1969-12-31 23:59:59.999999984,Investor,Public,Other Financials,Textiles & Apparel,nan,49.764,20.58,2.489,50.846,21.028,2.543,70.609,2020-04-25,603665,6010210709.650979
['COG Financial Services Ltd'],['Earlypay Ltd'],2019-11-13,0,Asia Pacific Excluding Central Asia,Asia Pacific Excluding Central Asia,0.34,AU,"['Create synergies, eliminate duplicate services/operations', 'Strengthen operations']",Merger,Withdrawn,0.34,1970-01-01 00:00:00.000000008,1970-01-01 00:00:00.000000012,1970-01-01 00:00:00.000000009,Public,Public,Asset Management,Credit Institutions,nan,12.202,4.977,2.218,12.202,4.977,2.218,70.107,2019-11-13,EPY.AX,127962616.81082386
['Apis Ventures LLC'],['Veritone Inc'],2018-12-10,0,Americas,Americas,10.26,US,['Increase shareholder value'],Merger,Withdrawn,10.26,1970-01-01 00:00:00.000000082,1970-01-01 00:00:00.000000073,1970-01-01 00:00:00.000000049,Subsidiary,Public,Other Financials,Computers & Peripherals,nan,-3.534,0.0,10.118,-2.381,-2.416,6.817,123.64,2018-12-10,VERI.O,-540152617.0874159
['ParkingEye Ltd'],['Smart Parking Ltd'],2019-08-26,0,Europe,Asia Pacific Excluding Central Asia,0.192,AU,nan,Merger,Withdrawn,0.192,1970-01-01 00:00:00.000000118,1970-01-01 00:00:00.000000136,1970-01-01 00:00:00.000000118,Subsidiary,Public,IT Consulting & Services,Software,nan,-20.76,0.0,3.753,-18.626,-30.167,3.367,61.817,2019-08-26,SPZ.AX,29659820.733742718
['Investor Group'],['Tecnon Electronics Co Ltd'],2020-05-23,0,Asia Pacific Excluding Central Asia,Asia Pacific Excluding Central Asia,1.856,CY,"['Expand presence in new/foreign markets', 'Strengthen operations']",Acquisition Of Partial Interest,Withdrawn,1.856,1969-12-31 23:59:59.999999981,1969-12-31 23:59:59.999999988,1969-12-31 23:59:59.999999995,Private,Public,Other Financials,Other Industrials,nan,45.836,29.445,3.528,44.631,28.671,3.436,58.932,2020-05-23,300650,531238931.7669557
['Web.com Group Inc'],['5G Networks Ltd'],2020-07-13,0,Americas,Asia Pacific Excluding Central Asia,0.113,AU,"['Strengthen operations', 'Increase shareholder value']",Merger,Withdrawn,0.073,1970-01-01 00:00:00.000000142,1970-01-01 00:00:00.000000127,1970-01-01 00:00:00.000000076,Subsidiary,Public,Internet Software & Services,Computers & Peripherals,nan,-0.299,0.0,1.322,-1.176,-29.52,5.203,54.301,2020-07-13,5GN.AX,<NA>
['Nyesa Valores Corporacion'],['Natac Natural Ingredients SA'],2021-02-22,0,Europe,Europe,2.423,EUR,nan,Merger,Withdrawn,2.423,nan,1970-01-01 00:00:00.000000062,nan,Public,Public,REITs,Educational Services,nan,73.336,0.0,43.25,72.51,-177.709,42.762,52.541,2021-02-22,NAT,828095770.0976707
['Rockrose Energy Ltd'],['Iog PLC'],2019-03-05,0,Europe,Europe,0.264,STG,nan,Merger,Withdrawn,0.264,1970-01-01 00:00:00.000000041,1970-01-01 00:00:00.000000050,1970-01-01 00:00:00.000000042,Public,Public,Oil & Gas,Oil & Gas,nan,-4.496,0.0,nan,-9.654,-27.506,nan,71.849,2019-03-05,IOG.L,-7474080.4465666115
['Innovation Holdings Australia Pty Ltd'],['iSelect Pty Ltd'],2020-08-03,0,Asia Pacific Excluding Central Asia,Asia Pacific Excluding Central Asia,0.286,AU,nan,Merger,Withdrawn,0.286,1970-01-01 00:00:00.000000110,1970-01-01 00:00:00.000000110,1970-01-01 00:00:00.000000100,Private,Public,Asset Management,INSURANCE,nan,-4.259,18.818,0.724,-4.259,18.818,0.724,44.376,2020-08-03,ISU.AX,149486438.76784366
['Strike Energy Ltd'],['Warrego Energy Pty Ltd'],2020-03-23,0,Asia Pacific Excluding Central Asia,Asia Pacific Excluding Central Asia,0.069,AU,nan,Merger,Withdrawn,0.069,1970-01-01 00:00:00.000000025,1970-01-01 00:00:00.000000008,1969-12-31 23:59:59.999999968,Public,Public,Oil & Gas,Oil & Gas,nan,-10.284,0.0,nan,-9.199,-19.016,nan,43.76,2020-03-23,WGO,1847099482.958814
['Canfor Corp'],['Canfor Corp'],2019-03-04,0,Americas,Americas,10.681,C,['Other'],Buyback,Withdrawn,10.681,1970-01-01 00:00:00.000000000,1969-12-31 23:59:59.999999990,1969-12-31 23:59:59.999999982,Public,Public,Paper & Forest Products,Paper & Forest Products,nan,4.05,2.023,0.352,4.405,2.2,0.383,66.872,2019-03-04,CFP.TO,6738439655.761217
['Conversionpoint Technologies Inc'],['Inuvo Inc'],2018-11-05,0,Americas,Americas,0.45,US,nan,Merger,Withdrawn,0.45,1970-01-01 00:00:00.000000008,1970-01-01 00:00:00.000000000,1969-12-31 23:59:59.999999975,Private,Public,Advertising & Marketing,Advertising & Marketing,nan,-21.57,0.0,1.125,-21.801,-146.639,1.137,91.063,2018-11-05,INUV.N,-7975412.723558486
['UMS Integration Ltd'],['JEP Holdings Ltd'],2019-05-14,0,Asia Pacific Excluding Central Asia,Asia Pacific Excluding Central Asia,0.109,SG,nan,Merger,Withdrawn,0.109,1969-12-31 23:59:59.999999988,1969-12-31 23:59:59.999999999,1969-12-31 23:59:59.999999999,Public,Public,Machinery,Machinery,nan,26.221,5.656,0.701,43.079,9.292,1.151,55.134,2019-05-14,1J4.F,-26509889413.9124
['Investor Group'],['Capricorn Metals Ltd'],2019-04-01,0,Asia Pacific Excluding Central Asia,Asia Pacific Excluding Central Asia,0.039,AU,nan,Merger,Withdrawn,0.039,1969-12-31 23:59:59.999999994,1969-12-31 23:59:59.999999995,1969-12-31 23:59:59.999999984,Private,Public,Other Financials,Metals & Mining,nan,-23.946,0.0,564.789,-23.609,-24.287,556.836,60.043,2019-04-01,CMM.AX,52145834.08330278
['G-Tree Holdings Co Ltd'],['HLB Therapeutics Co Ltd'],2020-12-29,0,Asia Pacific Excluding Central Asia,Asia Pacific Excluding Central Asia,17.675,WON,nan,Acquisition Of Partial Interest,Withdrawn,25.364,1969-12-31 23:59:59.999999969,1969-12-31 23:59:59.999999974,1969-12-31 23:59:59.999999972,Private,Public,Other Financials,Software,nan,-33.623,0.0,13.628,-32.735,-53.908,13.268,39.894,2020-12-29,115450.KQ,-68409784584.515396
